,source,target,sourcename,targetname
0,1,2,Faizon Love,Kirk Fox
1,1,3,Faizon Love,Tony Todd
2,1,4,Faizon Love,Pearl Thusi
3,1,5,Faizon Love,Cassie Clare
4,1,6,Faizon Love,Fiona Ramsey
5,1,7,Faizon Love,Neels Clasen
6,1,8,Faizon Love,Roxy Nel
7,2,3,Kirk Fox,Tony Todd
8,2,4,Kirk Fox,Pearl Thusi
9,2,5,Kirk Fox,Cassie Clare
10,2,6,Kirk Fox,Fiona Ramsey
11,2,7,Kirk Fox,Neels Clasen
12,2,8,Kirk Fox,Roxy Nel
13,3,4,Tony Todd,Pearl Thusi
14,3,5,Tony Todd,Cassie Clare
15,3,6,Tony Todd,Fiona Ramsey
16,3,7,Tony Todd,Neels Clasen
17,3,8,Tony Todd,Roxy Nel
18,4,5,Pearl Thusi,Cassie Clare
19,4,6,Pearl Thusi,Fiona Ramsey
20,4,7,Pearl Thusi,Neels Clasen
21,4,8,Pearl Thusi,Roxy Nel
22,5,6,Cassie Clare,Fiona Ramsey
23,5,7,Cassie Clare,Neels Clasen
24,5,8,Cassie Clare,Roxy Nel
25,6,7,Fiona Ramsey,Neels Clasen
26,6,8,Fiona Ramsey,Roxy Nel
27,7,8,Neels Clasen,Roxy Nel
28,10,11,Oscar Martínez,Inma Cuesta
29,10,12,Oscar Martínez,Mafalda Carbonell
30,10,13,Oscar Martínez,Nacho López
31,10,14,Oscar Martínez,Isabel Requena
32,10,15,Oscar Martínez,Aina Clotet
33,10,16,Oscar Martínez,Antonio Valero
34,10,17,Oscar Martínez,María Zamora
35,10,18,Oscar Martínez,Hugo Balaguer
36,10,19,Oscar Martínez,Valeria Schoneveld
37,11,12,Inma Cuesta,Mafalda Carbonell
38,11,13,Inma Cuesta,Nacho López
39,11,14,Inma Cuesta,Isabel Requena
40,11,15,Inma Cuesta,Aina Clotet
41,11,16,Inma Cuesta,Antonio Valero
42,11,17,Inma Cuesta,María Zamora
43,11,18,Inma Cuesta,Hugo Balaguer
44,11,19,Inma Cuesta,Valeria Schoneveld
45,12,13,Mafalda Carbonell,Nacho López
46,12,14,Mafalda Carbonell,Isabel Requena
47,12,15,Mafalda Carbonell,Aina Clotet
48,12,16,Mafalda Carbonell,Antonio Valero
49,12,17,Mafalda Carbonell,María Zamora
50,12,18,Mafalda Carbonell,Hugo Balaguer
51,12,19,Mafalda Carbonell,Valeria Schoneveld
52,13,14,Nacho López,Isabel Requena
53,13,15,Nacho López,Aina Clotet
54,13,16,Nacho López,Antonio Valero
55,13,17,Nacho López,María Zamora
56,13,18,Nacho López,Hugo Balaguer
57,13,19,Nacho López,Valeria Schoneveld
58,14,15,Isabel Requena,Aina Clotet
59,14,16,Isabel Requena,Antonio Valero
60,14,17,Isabel Requena,María Zamora
61,14,18,Isabel Requena,Hugo Balaguer
62,14,19,Isabel Requena,Valeria Schoneveld
63,15,16,Aina Clotet,Antonio Valero
64,15,17,Aina Clotet,María Zamora
65,15,18,Aina Clotet,Hugo Balaguer
66,15,19,Aina Clotet,Valeria Schoneveld
67,16,17,Antonio Valero,María Zamora
68,16,18,Antonio Valero,Hugo Balaguer
69,16,19,Antonio Valero,Valeria Schoneveld
70,17,18,María Zamora,Hugo Balaguer
71,17,19,María Zamora,Valeria Schoneveld
72,18,19,Hugo Balaguer,Valeria Schoneveld
73,20,21,Claes Bang,Dolly Wells
74,20,22,Claes Bang,John Heffernan
75,21,22,Dolly Wells,John Heffernan
76,23,24,Alan C. Lim,Paul Killam
77,23,25,Alan C. Lim,Maisie Benson
78,23,26,Alan C. Lim,Kerry Gudjohnsen
79,23,27,Alan C. Lim,Smith Foreman
80,23,28,Alan C. Lim,Neena-Sinaii Simpo
81,23,29,Alan C. Lim,Eli Morse
82,23,30,Alan C. Lim,Adelaide Hirasaki
83,23,31,Alan C. Lim,Jim Capobianco
84,23,32,Alan C. Lim,Anna Chambers
85,23,33,Alan C. Lim,Pfifer Chastain
86,24,25,Paul Killam,Maisie Benson
87,24,26,Paul Killam,Kerry Gudjohnsen
88,24,27,Paul Killam,Smith Foreman
89,24,28,Paul Killam,Neena-Sinaii Simpo
90,24,29,Paul Killam,Eli Morse
91,24,30,Paul Killam,Adelaide Hirasaki
92,24,31,Paul Killam,Jim Capobianco
93,24,32,Paul Killam,Anna Chambers
94,24,33,Paul Killam,Pfifer Chastain
95,25,26,Maisie Benson,Kerry Gudjohnsen
96,25,27,Maisie Benson,Smith Foreman
97,25,28,Maisie Benson,Neena-Sinaii Simpo
98,25,29,Maisie Benson,Eli Morse
99,25,30,Maisie Benson,Adelaide Hirasaki
100,25,31,Maisie Benson,Jim Capobianco
101,25,32,Maisie Benson,Anna Chambers
102,25,33,Maisie Benson,Pfifer Chastain
103,26,27,Kerry Gudjohnsen,Smith Foreman
104,26,28,Kerry Gudjohnsen,Neena-Sinaii Simpo
105,26,29,Kerry Gudjohnsen,Eli Morse
106,26,30,Kerry Gudjohnsen,Adelaide Hirasaki
107,26,31,Kerry Gudjohnsen,Jim Capobianco
108,26,32,Kerry Gudjohnsen,Anna Chambers
109,26,33,Kerry Gudjohnsen,Pfifer Chastain
110,27,28,Smith Foreman,Neena-Sinaii Simpo
111,27,29,Smith Foreman,Eli Morse
112,27,30,Smith Foreman,Adelaide Hirasaki
113,27,31,Smith Foreman,Jim Capobianco
114,27,32,Smith Foreman,Anna Chambers
115,27,33,Smith Foreman,Pfifer Chastain
116,28,29,Neena-Sinaii Simpo,Eli Morse
117,28,30,Neena-Sinaii Simpo,Adelaide Hirasaki
118,28,31,Neena-Sinaii Simpo,Jim Capobianco
119,28,32,Neena-Sinaii Simpo,Anna Chambers
120,28,33,Neena-Sinaii Simpo,Pfifer Chastain
121,29,30,Eli Morse,Adelaide Hirasaki
122,29,31,Eli Morse,Jim Capobianco
123,29,32,Eli Morse,Anna Chambers
124,29,33,Eli Morse,Pfifer Chastain
125,30,31,Adelaide Hirasaki,Jim Capobianco
126,30,32,Adelaide Hirasaki,Anna Chambers
127,30,33,Adelaide Hirasaki,Pfifer Chastain
128,31,32,Jim Capobianco,Anna Chambers
129,31,33,Jim Capobianco,Pfifer Chastain
130,32,33,Anna Chambers,Pfifer Chastain
131,34,35,Hánssel Casillas,Loreto Peralta
132,34,36,Hánssel Casillas,Andrea Sutton
133,34,37,Hánssel Casillas,Luis De La Rosa
134,34,38,Hánssel Casillas,Alejandro Flores
135,34,39,Hánssel Casillas,Anajosé Aldrete
136,34,40,Hánssel Casillas,Daniel Haddad
137,34,41,Hánssel Casillas,Montserrat Marañón
138,34,42,Hánssel Casillas,Juan Carlos Viana Prieto
139,34,43,Hánssel Casillas,Hernán Del Riego
140,35,36,Loreto Peralta,Andrea Sutton
141,35,37,Loreto Peralta,Luis De La Rosa
142,35,38,Loreto Peralta,Alejandro Flores
143,35,39,Loreto Peralta,Anajosé Aldrete
144,35,40,Loreto Peralta,Daniel Haddad
145,35,41,Loreto Peralta,Montserrat Marañón
146,35,42,Loreto Peralta,Juan Carlos Viana Prieto
147,35,43,Loreto Peralta,Hernán Del Riego
148,36,37,Andrea Sutton,Luis De La Rosa
149,36,38,Andrea Sutton,Alejandro Flores
150,36,39,Andrea Sutton,Anajosé Aldrete
151,36,40,Andrea Sutton,Daniel Haddad
152,36,41,Andrea Sutton,Montserrat Marañón
153,36,42,Andrea Sutton,Juan Carlos Viana Prieto
154,36,43,Andrea Sutton,Hernán Del Riego
155,37,38,Luis De La Rosa,Alejandro Flores
156,37,39,Luis De La Rosa,Anajosé Aldrete
157,37,40,Luis De La Rosa,Daniel Haddad
158,37,41,Luis De La Rosa,Montserrat Marañón
159,37,42,Luis De La Rosa,Juan Carlos Viana Prieto
160,37,43,Luis De La Rosa,Hernán Del Riego
161,38,39,Alejandro Flores,Anajosé Aldrete
162,38,40,Alejandro Flores,Daniel Haddad
163,38,41,Alejandro Flores,Montserrat Marañón
164,38,42,Alejandro Flores,Juan Carlos Viana Prieto
165,38,43,Alejandro Flores,Hernán Del Riego
166,39,40,Anajosé Aldrete,Daniel Haddad
167,39,41,Anajosé Aldrete,Montserrat Marañón
168,39,42,Anajosé Aldrete,Juan Carlos Viana Prieto
169,39,43,Anajosé Aldrete,Hernán Del Riego
170,40,41,Daniel Haddad,Montserrat Marañón
171,40,42,Daniel Haddad,Juan Carlos Viana Prieto
172,40,43,Daniel Haddad,Hernán Del Riego
173,41,42,Montserrat Marañón,Juan Carlos Viana Prieto
174,41,43,Montserrat Marañón,Hernán Del Riego
175,42,43,Juan Carlos Viana Prieto,Hernán Del Riego
176,45,46,Crystal Fox,Phylicia Rashad
177,45,47,Crystal Fox,Cicely Tyson
178,45,48,Crystal Fox,Bresha Webb
179,45,49,Crystal Fox,Mehcad Brooks
180,45,50,Crystal Fox,Adrian Pasdar
181,45,51,Crystal Fox,Tyler Perry
182,46,47,Phylicia Rashad,Cicely Tyson
183,46,48,Phylicia Rashad,Bresha Webb
184,46,49,Phylicia Rashad,Mehcad Brooks
185,46,50,Phylicia Rashad,Adrian Pasdar
186,46,51,Phylicia Rashad,Tyler Perry
187,47,48,Cicely Tyson,Bresha Webb
188,47,49,Cicely Tyson,Mehcad Brooks
189,47,50,Cicely Tyson,Adrian Pasdar
190,47,51,Cicely Tyson,Tyler Perry
191,48,49,Bresha Webb,Mehcad Brooks
192,48,50,Bresha Webb,Adrian Pasdar
193,48,51,Bresha Webb,Tyler Perry
194,49,50,Mehcad Brooks,Adrian Pasdar
195,49,51,Mehcad Brooks,Tyler Perry
196,50,51,Adrian Pasdar,Tyler Perry
197,52,53,Jade Olieberg,Tobias Kersloot
198,52,54,Jade Olieberg,Lisa Smit
199,52,55,Jade Olieberg,Frieda Barnhard
200,52,56,Jade Olieberg,Hans Kesting
201,52,57,Jade Olieberg,Rifka Lodeizen
202,52,58,Jade Olieberg,Robin Boissevain
203,52,59,Jade Olieberg,Jennifer Welts
204,52,60,Jade Olieberg,Steef de Bot
205,52,61,Jade Olieberg,Jip van den Dool
206,52,62,Jade Olieberg,Janni Goslinga
207,52,63,Jade Olieberg,Dennis Rudge
208,52,64,Jade Olieberg,Ian Bok
209,52,65,Jade Olieberg,Roos Dickmann
210,52,66,Jade Olieberg,Minne Koole
211,52,67,Jade Olieberg,Alexander Brouwer
212,53,54,Tobias Kersloot,Lisa Smit
213,53,55,Tobias Kersloot,Frieda Barnhard
214,53,56,Tobias Kersloot,Hans Kesting
215,53,57,Tobias Kersloot,Rifka Lodeizen
216,53,58,Tobias Kersloot,Robin Boissevain
217,53,59,Tobias Kersloot,Jennifer Welts
218,53,60,Tobias Kersloot,Steef de Bot
219,53,61,Tobias Kersloot,Jip van den Dool
220,53,62,Tobias Kersloot,Janni Goslinga
221,53,63,Tobias Kersloot,Dennis Rudge
222,53,64,Tobias Kersloot,Ian Bok
223,53,65,Tobias Kersloot,Roos Dickmann
224,53,66,Tobias Kersloot,Minne Koole
225,53,67,Tobias Kersloot,Alexander Brouwer
226,54,55,Lisa Smit,Frieda Barnhard
227,54,56,Lisa Smit,Hans Kesting
228,54,57,Lisa Smit,Rifka Lodeizen
229,54,58,Lisa Smit,Robin Boissevain
230,54,59,Lisa Smit,Jennifer Welts
231,54,60,Lisa Smit,Steef de Bot
232,54,61,Lisa Smit,Jip van den Dool
233,54,62,Lisa Smit,Janni Goslinga
234,54,63,Lisa Smit,Dennis Rudge
235,54,64,Lisa Smit,Ian Bok
236,54,65,Lisa Smit,Roos Dickmann
237,54,66,Lisa Smit,Minne Koole
238,54,67,Lisa Smit,Alexander Brouwer
239,55,56,Frieda Barnhard,Hans Kesting
240,55,57,Frieda Barnhard,Rifka Lodeizen
241,55,58,Frieda Barnhard,Robin Boissevain
242,55,59,Frieda Barnhard,Jennifer Welts
243,55,60,Frieda Barnhard,Steef de Bot
244,55,61,Frieda Barnhard,Jip van den Dool
245,55,62,Frieda Barnhard,Janni Goslinga
246,55,63,Frieda Barnhard,Dennis Rudge
247,55,64,Frieda Barnhard,Ian Bok
248,55,65,Frieda Barnhard,Roos Dickmann
249,55,66,Frieda Barnhard,Minne Koole
250,55,67,Frieda Barnhard,Alexander Brouwer
251,56,57,Hans Kesting,Rifka Lodeizen
252,56,58,Hans Kesting,Robin Boissevain
253,56,59,Hans Kesting,Jennifer Welts
254,56,60,Hans Kesting,Steef de Bot
255,56,61,Hans Kesting,Jip van den Dool
256,56,62,Hans Kesting,Janni Goslinga
257,56,63,Hans Kesting,Dennis Rudge
258,56,64,Hans Kesting,Ian Bok
259,56,65,Hans Kesting,Roos Dickmann
260,56,66,Hans Kesting,Minne Koole
261,56,67,Hans Kesting,Alexander Brouwer
262,57,58,Rifka Lodeizen,Robin Boissevain
263,57,59,Rifka Lodeizen,Jennifer Welts
264,57,60,Rifka Lodeizen,Steef de Bot
265,57,61,Rifka Lodeizen,Jip van den Dool
266,57,62,Rifka Lodeizen,Janni Goslinga
267,57,63,Rifka Lodeizen,Dennis Rudge
268,57,64,Rifka Lodeizen,Ian Bok
269,57,65,Rifka Lodeizen,Roos Dickmann
270,57,66,Rifka Lodeizen,Minne Koole
271,57,67,Rifka Lodeizen,Alexander Brouwer
272,58,59,Robin Boissevain,Jennifer Welts
273,58,60,Robin Boissevain,Steef de Bot
274,58,61,Robin Boissevain,Jip van den Dool
275,58,62,Robin Boissevain,Janni Goslinga
276,58,63,Robin Boissevain,Dennis Rudge
277,58,64,Robin Boissevain,Ian Bok
278,58,65,Robin Boissevain,Roos Dickmann
279,58,66,Robin Boissevain,Minne Koole
280,58,67,Robin Boissevain,Alexander Brouwer
281,59,60,Jennifer Welts,Steef de Bot
282,59,61,Jennifer Welts,Jip van den Dool
283,59,62,Jennifer Welts,Janni Goslinga
284,59,63,Jennifer Welts,Dennis Rudge
285,59,64,Jennifer Welts,Ian Bok
286,59,65,Jennifer Welts,Roos Dickmann
287,59,66,Jennifer Welts,Minne Koole
288,59,67,Jennifer Welts,Alexander Brouwer
289,60,61,Steef de Bot,Jip van den Dool
290,60,62,Steef de Bot,Janni Goslinga
291,60,63,Steef de Bot,Dennis Rudge
292,60,64,Steef de Bot,Ian Bok
293,60,65,Steef de Bot,Roos Dickmann
294,60,66,Steef de Bot,Minne Koole
295,60,67,Steef de Bot,Alexander Brouwer
296,61,62,Jip van den Dool,Janni Goslinga
297,61,63,Jip van den Dool,Dennis Rudge
298,61,64,Jip van den Dool,Ian Bok
299,61,65,Jip van den Dool,Roos Dickmann
300,61,66,Jip van den Dool,Minne Koole
301,61,67,Jip van den Dool,Alexander Brouwer
302,62,63,Janni Goslinga,Dennis Rudge
303,62,64,Janni Goslinga,Ian Bok
304,62,65,Janni Goslinga,Roos Dickmann
305,62,66,Janni Goslinga,Minne Koole
306,62,67,Janni Goslinga,Alexander Brouwer
307,63,64,Dennis Rudge,Ian Bok
308,63,65,Dennis Rudge,Roos Dickmann
309,63,66,Dennis Rudge,Minne Koole
310,63,67,Dennis Rudge,Alexander Brouwer
311,64,65,Ian Bok,Roos Dickmann
312,64,66,Ian Bok,Minne Koole
313,64,67,Ian Bok,Alexander Brouwer
314,65,66,Roos Dickmann,Minne Koole
315,65,67,Roos Dickmann,Alexander Brouwer
316,66,67,Minne Koole,Alexander Brouwer
317,68,69,Angelina Kirsch,Bernd Siefert
318,70,71,Hu Yitian,Chen Zheyuan
319,70,72,Hu Yitian,Liang Jie
320,70,73,Hu Yitian,Vicky Liang
321,70,74,Hu Yitian,Tay Ping Hui
322,70,75,Hu Yitian,Nikita Mao
323,70,76,Hu Yitian,Gallen Lo
324,70,77,Hu Yitian,Song Wenzuo
325,70,78,Hu Yitian,Jin Song
326,70,79,Hu Yitian,Jason Zheng
327,71,72,Chen Zheyuan,Liang Jie
328,71,73,Chen Zheyuan,Vicky Liang
329,71,74,Chen Zheyuan,Tay Ping Hui
330,71,75,Chen Zheyuan,Nikita Mao
331,71,76,Chen Zheyuan,Gallen Lo
332,71,77,Chen Zheyuan,Song Wenzuo
333,71,78,Chen Zheyuan,Jin Song
334,71,79,Chen Zheyuan,Jason Zheng
335,72,73,Liang Jie,Vicky Liang
336,72,74,Liang Jie,Tay Ping Hui
337,72,75,Liang Jie,Nikita Mao
338,72,76,Liang Jie,Gallen Lo
339,72,77,Liang Jie,Song Wenzuo
340,72,78,Liang Jie,Jin Song
341,72,79,Liang Jie,Jason Zheng
342,73,74,Vicky Liang,Tay Ping Hui
343,73,75,Vicky Liang,Nikita Mao
344,73,76,Vicky Liang,Gallen Lo
345,73,77,Vicky Liang,Song Wenzuo
346,73,78,Vicky Liang,Jin Song
347,73,79,Vicky Liang,Jason Zheng
348,74,75,Tay Ping Hui,Nikita Mao
349,74,76,Tay Ping Hui,Gallen Lo
350,74,77,Tay Ping Hui,Song Wenzuo
351,74,78,Tay Ping Hui,Jin Song
352,74,79,Tay Ping Hui,Jason Zheng
353,75,76,Nikita Mao,Gallen Lo
354,75,77,Nikita Mao,Song Wenzuo
355,75,78,Nikita Mao,Jin Song
356,75,79,Nikita Mao,Jason Zheng
357,76,77,Gallen Lo,Song Wenzuo
358,76,78,Gallen Lo,Jin Song
359,76,79,Gallen Lo,Jason Zheng
360,77,78,Song Wenzuo,Jin Song
361,77,79,Song Wenzuo,Jason Zheng
362,78,79,Jin Song,Jason Zheng
363,81,82,Karen Fukuhara,Sydney Mikayla
364,81,83,Karen Fukuhara,Deon Cole
365,81,84,Karen Fukuhara,Coy Stewart
366,81,85,Karen Fukuhara,Dee Bradley Baker
367,81,86,Karen Fukuhara,Sterling K. Brown
368,81,87,Karen Fukuhara,Dan Stevens
369,81,88,Karen Fukuhara,Jake Green
370,81,89,Karen Fukuhara,Steve Blum
371,82,83,Sydney Mikayla,Deon Cole
372,82,84,Sydney Mikayla,Coy Stewart
373,82,85,Sydney Mikayla,Dee Bradley Baker
374,82,86,Sydney Mikayla,Sterling K. Brown
375,82,87,Sydney Mikayla,Dan Stevens
376,82,88,Sydney Mikayla,Jake Green
377,82,89,Sydney Mikayla,Steve Blum
378,83,84,Deon Cole,Coy Stewart
379,83,85,Deon Cole,Dee Bradley Baker
380,83,86,Deon Cole,Sterling K. Brown
381,83,87,Deon Cole,Dan Stevens
382,83,88,Deon Cole,Jake Green
383,83,89,Deon Cole,Steve Blum
384,84,85,Coy Stewart,Dee Bradley Baker
385,84,86,Coy Stewart,Sterling K. Brown
386,84,87,Coy Stewart,Dan Stevens
387,84,88,Coy Stewart,Jake Green
388,84,89,Coy Stewart,Steve Blum
389,85,86,Dee Bradley Baker,Sterling K. Brown
390,85,87,Dee Bradley Baker,Dan Stevens
391,85,88,Dee Bradley Baker,Jake Green
392,85,89,Dee Bradley Baker,Steve Blum
393,86,87,Sterling K. Brown,Dan Stevens
394,86,88,Sterling K. Brown,Jake Green
395,86,89,Sterling K. Brown,Steve Blum
396,87,88,Dan Stevens,Jake Green
397,87,89,Dan Stevens,Steve Blum
398,88,89,Jake Green,Steve Blum
399,91,92,Jace Chapman,Larisa Oleynik
400,91,93,Jace Chapman,Tom Everett Scott
401,91,94,Jace Chapman,Steve Zahn
402,91,95,Jace Chapman,Mauricio Lara
403,91,96,Jace Chapman,Sophie Kim
404,91,97,Jace Chapman,Laurel Emory
405,92,93,Larisa Oleynik,Tom Everett Scott
406,92,94,Larisa Oleynik,Steve Zahn
407,92,95,Larisa Oleynik,Mauricio Lara
408,92,96,Larisa Oleynik,Sophie Kim
409,92,97,Larisa Oleynik,Laurel Emory
410,93,94,Tom Everett Scott,Steve Zahn
411,93,95,Tom Everett Scott,Mauricio Lara
412,93,96,Tom Everett Scott,Sophie Kim
413,93,97,Tom Everett Scott,Laurel Emory
414,94,95,Steve Zahn,Mauricio Lara
415,94,96,Steve Zahn,Sophie Kim
416,94,97,Steve Zahn,Laurel Emory
417,95,96,Mauricio Lara,Sophie Kim
418,95,97,Mauricio Lara,Laurel Emory
419,96,97,Sophie Kim,Laurel Emory
420,98,99,RuPaul Charles,Izzy G.
421,98,100,RuPaul Charles,Michael-Leon Wooley
422,98,101,RuPaul Charles,Josh Segarra
423,98,102,RuPaul Charles,Katerina Tannenbaum
424,98,103,RuPaul Charles,Tia Carrere
425,99,100,Izzy G.,Michael-Leon Wooley
426,99,101,Izzy G.,Josh Segarra
427,99,102,Izzy G.,Katerina Tannenbaum
428,99,103,Izzy G.,Tia Carrere
429,100,101,Michael-Leon Wooley,Josh Segarra
430,100,102,Michael-Leon Wooley,Katerina Tannenbaum
431,100,103,Michael-Leon Wooley,Tia Carrere
432,101,102,Josh Segarra,Katerina Tannenbaum
433,101,103,Josh Segarra,Tia Carrere
434,102,103,Katerina Tannenbaum,Tia Carrere
435,104,105,Amit Sial,Dibyendu Bhattacharya
436,104,106,Amit Sial,Aksha Pardhasany
437,104,107,Amit Sial,Sparsh Shrivastava
438,104,108,Amit Sial,Monika Panwar
439,104,109,Amit Sial,Anshumaan Pushkar
440,105,106,Dibyendu Bhattacharya,Aksha Pardhasany
441,105,107,Dibyendu Bhattacharya,Sparsh Shrivastava
442,105,108,Dibyendu Bhattacharya,Monika Panwar
443,105,109,Dibyendu Bhattacharya,Anshumaan Pushkar
444,106,107,Aksha Pardhasany,Sparsh Shrivastava
445,106,108,Aksha Pardhasany,Monika Panwar
446,106,109,Aksha Pardhasany,Anshumaan Pushkar
447,107,108,Sparsh Shrivastava,Monika Panwar
448,107,109,Sparsh Shrivastava,Anshumaan Pushkar
449,108,109,Monika Panwar,Anshumaan Pushkar
450,110,111,Erinn Hayes,Rob Huebel
451,110,112,Erinn Hayes,Malin Akerman
452,110,113,Erinn Hayes,Rob Corddry
453,110,114,Erinn Hayes,Lake Bell
454,110,115,Erinn Hayes,Sarayu Blue
455,110,116,Erinn Hayes,Ken Marino
456,110,117,Erinn Hayes,Fred Melamed
457,110,118,Erinn Hayes,Tom Wright
458,110,119,Erinn Hayes,Jason Schwartzman
459,110,120,Erinn Hayes,Eric Nenninger
460,110,121,Erinn Hayes,Megan Le
461,110,122,Erinn Hayes,Beth Dover
462,110,123,Erinn Hayes,Zandy Hartig
463,110,124,Erinn Hayes,Brian Huskey
464,110,125,Erinn Hayes,Michael Cera
465,111,112,Rob Huebel,Malin Akerman
466,111,113,Rob Huebel,Rob Corddry
467,111,114,Rob Huebel,Lake Bell
468,111,115,Rob Huebel,Sarayu Blue
469,111,116,Rob Huebel,Ken Marino
470,111,117,Rob Huebel,Fred Melamed
471,111,118,Rob Huebel,Tom Wright
472,111,119,Rob Huebel,Jason Schwartzman
473,111,120,Rob Huebel,Eric Nenninger
474,111,121,Rob Huebel,Megan Le
475,111,122,Rob Huebel,Beth Dover
476,111,123,Rob Huebel,Zandy Hartig
477,111,124,Rob Huebel,Brian Huskey
478,111,125,Rob Huebel,Michael Cera
479,112,113,Malin Akerman,Rob Corddry
480,112,114,Malin Akerman,Lake Bell
481,112,115,Malin Akerman,Sarayu Blue
482,112,116,Malin Akerman,Ken Marino
483,112,117,Malin Akerman,Fred Melamed
484,112,118,Malin Akerman,Tom Wright
485,112,119,Malin Akerman,Jason Schwartzman
486,112,120,Malin Akerman,Eric Nenninger
487,112,121,Malin Akerman,Megan Le
488,112,122,Malin Akerman,Beth Dover
489,112,123,Malin Akerman,Zandy Hartig
490,112,124,Malin Akerman,Brian Huskey
491,112,125,Malin Akerman,Michael Cera
492,113,114,Rob Corddry,Lake Bell
493,113,115,Rob Corddry,Sarayu Blue
494,113,116,Rob Corddry,Ken Marino
495,113,117,Rob Corddry,Fred Melamed
496,113,118,Rob Corddry,Tom Wright
497,113,119,Rob Corddry,Jason Schwartzman
498,113,120,Rob Corddry,Eric Nenninger
499,113,121,Rob Corddry,Megan Le
500,113,122,Rob Corddry,Beth Dover
501,113,123,Rob Corddry,Zandy Hartig
502,113,124,Rob Corddry,Brian Huskey
503,113,125,Rob Corddry,Michael Cera
504,114,115,Lake Bell,Sarayu Blue
505,114,116,Lake Bell,Ken Marino
506,114,117,Lake Bell,Fred Melamed
507,114,118,Lake Bell,Tom Wright
508,114,119,Lake Bell,Jason Schwartzman
509,114,120,Lake Bell,Eric Nenninger
510,114,121,Lake Bell,Megan Le
511,114,122,Lake Bell,Beth Dover
512,114,123,Lake Bell,Zandy Hartig
513,114,124,Lake Bell,Brian Huskey
514,114,125,Lake Bell,Michael Cera
515,115,116,Sarayu Blue,Ken Marino
516,115,117,Sarayu Blue,Fred Melamed
517,115,118,Sarayu Blue,Tom Wright
518,115,119,Sarayu Blue,Jason Schwartzman
519,115,120,Sarayu Blue,Eric Nenninger
520,115,121,Sarayu Blue,Megan Le
521,115,122,Sarayu Blue,Beth Dover
522,115,123,Sarayu Blue,Zandy Hartig
523,115,124,Sarayu Blue,Brian Huskey
524,115,125,Sarayu Blue,Michael Cera
525,116,117,Ken Marino,Fred Melamed
526,116,118,Ken Marino,Tom Wright
527,116,119,Ken Marino,Jason Schwartzman
528,116,120,Ken Marino,Eric Nenninger
529,116,121,Ken Marino,Megan Le
530,116,122,Ken Marino,Beth Dover
531,116,123,Ken Marino,Zandy Hartig
532,116,124,Ken Marino,Brian Huskey
533,116,125,Ken Marino,Michael Cera
534,117,118,Fred Melamed,Tom Wright
535,117,119,Fred Melamed,Jason Schwartzman
536,117,120,Fred Melamed,Eric Nenninger
537,117,121,Fred Melamed,Megan Le
538,117,122,Fred Melamed,Beth Dover
539,117,123,Fred Melamed,Zandy Hartig
540,117,124,Fred Melamed,Brian Huskey
541,117,125,Fred Melamed,Michael Cera
542,118,119,Tom Wright,Jason Schwartzman
543,118,120,Tom Wright,Eric Nenninger
544,118,121,Tom Wright,Megan Le
545,118,122,Tom Wright,Beth Dover
546,118,123,Tom Wright,Zandy Hartig
547,118,124,Tom Wright,Brian Huskey
548,118,125,Tom Wright,Michael Cera
549,119,120,Jason Schwartzman,Eric Nenninger
550,119,121,Jason Schwartzman,Megan Le
551,119,122,Jason Schwartzman,Beth Dover
552,119,123,Jason Schwartzman,Zandy Hartig
553,119,124,Jason Schwartzman,Brian Huskey
554,119,125,Jason Schwartzman,Michael Cera
555,120,121,Eric Nenninger,Megan Le
556,120,122,Eric Nenninger,Beth Dover
557,120,123,Eric Nenninger,Zandy Hartig
558,120,124,Eric Nenninger,Brian Huskey
559,120,125,Eric Nenninger,Michael Cera
560,121,122,Megan Le,Beth Dover
561,121,123,Megan Le,Zandy Hartig
562,121,124,Megan Le,Brian Huskey
563,121,125,Megan Le,Michael Cera
564,122,123,Beth Dover,Zandy Hartig
565,122,124,Beth Dover,Brian Huskey
566,122,125,Beth Dover,Michael Cera
567,123,124,Zandy Hartig,Brian Huskey
568,123,125,Zandy Hartig,Michael Cera
569,124,125,Brian Huskey,Michael Cera
570,126,127,Ahmed Sylla,Alban Ivanov
571,126,128,Ahmed Sylla,Ornella Fleury
572,126,129,Ahmed Sylla,Natoo
573,126,130,Ahmed Sylla,Carlito
574,126,131,Ahmed Sylla,Mcfly
575,126,132,Ahmed Sylla,Djimo
576,126,133,Ahmed Sylla,Lola Dubini
577,126,134,Ahmed Sylla,Noom Diawara
578,126,135,Ahmed Sylla,Tania Dutel
579,126,136,Ahmed Sylla,Hakim Jemili
580,126,137,Ahmed Sylla,Jason Brokerss
581,126,138,Ahmed Sylla,Bérengère Krief
582,126,139,Ahmed Sylla,Thomas Vandenberghe
583,126,140,Ahmed Sylla,Monsieur Poulpe
584,126,141,Ahmed Sylla,Jhon Rachid
585,126,142,Ahmed Sylla,Audrey Pirault
586,126,143,Ahmed Sylla,Jeanfi Janssens
587,126,144,Ahmed Sylla,Fadily Camara
588,126,145,Ahmed Sylla,Laurie Peret
589,126,146,Ahmed Sylla,Issa Doumbia
590,126,147,Ahmed Sylla,Anne-Sophie Girard
591,126,148,Ahmed Sylla,Elhadj Gaye
592,126,149,Ahmed Sylla,Guillaume Bats
593,127,128,Alban Ivanov,Ornella Fleury
594,127,129,Alban Ivanov,Natoo
595,127,130,Alban Ivanov,Carlito
596,127,131,Alban Ivanov,Mcfly
597,127,132,Alban Ivanov,Djimo
598,127,133,Alban Ivanov,Lola Dubini
599,127,134,Alban Ivanov,Noom Diawara
600,127,135,Alban Ivanov,Tania Dutel
601,127,136,Alban Ivanov,Hakim Jemili
602,127,137,Alban Ivanov,Jason Brokerss
603,127,138,Alban Ivanov,Bérengère Krief
604,127,139,Alban Ivanov,Thomas Vandenberghe
605,127,140,Alban Ivanov,Monsieur Poulpe
606,127,141,Alban Ivanov,Jhon Rachid
607,127,142,Alban Ivanov,Audrey Pirault
608,127,143,Alban Ivanov,Jeanfi Janssens
609,127,144,Alban Ivanov,Fadily Camara
610,127,145,Alban Ivanov,Laurie Peret
611,127,146,Alban Ivanov,Issa Doumbia
612,127,147,Alban Ivanov,Anne-Sophie Girard
613,127,148,Alban Ivanov,Elhadj Gaye
614,127,149,Alban Ivanov,Guillaume Bats
615,128,129,Ornella Fleury,Natoo
616,128,130,Ornella Fleury,Carlito
617,128,131,Ornella Fleury,Mcfly
618,128,132,Ornella Fleury,Djimo
619,128,133,Ornella Fleury,Lola Dubini
620,128,134,Ornella Fleury,Noom Diawara
621,128,135,Ornella Fleury,Tania Dutel
622,128,136,Ornella Fleury,Hakim Jemili
623,128,137,Ornella Fleury,Jason Brokerss
624,128,138,Ornella Fleury,Bérengère Krief
625,128,139,Ornella Fleury,Thomas Vandenberghe
626,128,140,Ornella Fleury,Monsieur Poulpe
627,128,141,Ornella Fleury,Jhon Rachid
628,128,142,Ornella Fleury,Audrey Pirault
629,128,143,Ornella Fleury,Jeanfi Janssens
630,128,144,Ornella Fleury,Fadily Camara
631,128,145,Ornella Fleury,Laurie Peret
632,128,146,Ornella Fleury,Issa Doumbia
633,128,147,Ornella Fleury,Anne-Sophie Girard
634,128,148,Ornella Fleury,Elhadj Gaye
635,128,149,Ornella Fleury,Guillaume Bats
636,129,130,Natoo,Carlito
637,129,131,Natoo,Mcfly
638,129,132,Natoo,Djimo
639,129,133,Natoo,Lola Dubini
640,129,134,Natoo,Noom Diawara
641,129,135,Natoo,Tania Dutel
642,129,136,Natoo,Hakim Jemili
643,129,137,Natoo,Jason Brokerss
644,129,138,Natoo,Bérengère Krief
645,129,139,Natoo,Thomas Vandenberghe
646,129,140,Natoo,Monsieur Poulpe
647,129,141,Natoo,Jhon Rachid
648,129,142,Natoo,Audrey Pirault
649,129,143,Natoo,Jeanfi Janssens
650,129,144,Natoo,Fadily Camara
651,129,145,Natoo,Laurie Peret
652,129,146,Natoo,Issa Doumbia
653,129,147,Natoo,Anne-Sophie Girard
654,129,148,Natoo,Elhadj Gaye
655,129,149,Natoo,Guillaume Bats
656,130,131,Carlito,Mcfly
657,130,132,Carlito,Djimo
658,130,133,Carlito,Lola Dubini
659,130,134,Carlito,Noom Diawara
660,130,135,Carlito,Tania Dutel
661,130,136,Carlito,Hakim Jemili
662,130,137,Carlito,Jason Brokerss
663,130,138,Carlito,Bérengère Krief
664,130,139,Carlito,Thomas Vandenberghe
665,130,140,Carlito,Monsieur Poulpe
666,130,141,Carlito,Jhon Rachid
667,130,142,Carlito,Audrey Pirault
668,130,143,Carlito,Jeanfi Janssens
669,130,144,Carlito,Fadily Camara
670,130,145,Carlito,Laurie Peret
671,130,146,Carlito,Issa Doumbia
672,130,147,Carlito,Anne-Sophie Girard
673,130,148,Carlito,Elhadj Gaye
674,130,149,Carlito,Guillaume Bats
675,131,132,Mcfly,Djimo
676,131,133,Mcfly,Lola Dubini
677,131,134,Mcfly,Noom Diawara
678,131,135,Mcfly,Tania Dutel
679,131,136,Mcfly,Hakim Jemili
680,131,137,Mcfly,Jason Brokerss
681,131,138,Mcfly,Bérengère Krief
682,131,139,Mcfly,Thomas Vandenberghe
683,131,140,Mcfly,Monsieur Poulpe
684,131,141,Mcfly,Jhon Rachid
685,131,142,Mcfly,Audrey Pirault
686,131,143,Mcfly,Jeanfi Janssens
687,131,144,Mcfly,Fadily Camara
688,131,145,Mcfly,Laurie Peret
689,131,146,Mcfly,Issa Doumbia
690,131,147,Mcfly,Anne-Sophie Girard
691,131,148,Mcfly,Elhadj Gaye
692,131,149,Mcfly,Guillaume Bats
693,132,133,Djimo,Lola Dubini
694,132,134,Djimo,Noom Diawara
695,132,135,Djimo,Tania Dutel
696,132,136,Djimo,Hakim Jemili
697,132,137,Djimo,Jason Brokerss
698,132,138,Djimo,Bérengère Krief
699,132,139,Djimo,Thomas Vandenberghe
700,132,140,Djimo,Monsieur Poulpe
701,132,141,Djimo,Jhon Rachid
702,132,142,Djimo,Audrey Pirault
703,132,143,Djimo,Jeanfi Janssens
704,132,144,Djimo,Fadily Camara
705,132,145,Djimo,Laurie Peret
706,132,146,Djimo,Issa Doumbia
707,132,147,Djimo,Anne-Sophie Girard
708,132,148,Djimo,Elhadj Gaye
709,132,149,Djimo,Guillaume Bats
710,133,134,Lola Dubini,Noom Diawara
711,133,135,Lola Dubini,Tania Dutel
712,133,136,Lola Dubini,Hakim Jemili
713,133,137,Lola Dubini,Jason Brokerss
714,133,138,Lola Dubini,Bérengère Krief
715,133,139,Lola Dubini,Thomas Vandenberghe
716,133,140,Lola Dubini,Monsieur Poulpe
717,133,141,Lola Dubini,Jhon Rachid
718,133,142,Lola Dubini,Audrey Pirault
719,133,143,Lola Dubini,Jeanfi Janssens
720,133,144,Lola Dubini,Fadily Camara
721,133,145,Lola Dubini,Laurie Peret
722,133,146,Lola Dubini,Issa Doumbia
723,133,147,Lola Dubini,Anne-Sophie Girard
724,133,148,Lola Dubini,Elhadj Gaye
725,133,149,Lola Dubini,Guillaume Bats
726,134,135,Noom Diawara,Tania Dutel
727,134,136,Noom Diawara,Hakim Jemili
728,134,137,Noom Diawara,Jason Brokerss
729,134,138,Noom Diawara,Bérengère Krief
730,134,139,Noom Diawara,Thomas Vandenberghe
731,134,140,Noom Diawara,Monsieur Poulpe
732,134,141,Noom Diawara,Jhon Rachid
733,134,142,Noom Diawara,Audrey Pirault
734,134,143,Noom Diawara,Jeanfi Janssens
735,134,144,Noom Diawara,Fadily Camara
736,134,145,Noom Diawara,Laurie Peret
737,134,146,Noom Diawara,Issa Doumbia
738,134,147,Noom Diawara,Anne-Sophie Girard
739,134,148,Noom Diawara,Elhadj Gaye
740,134,149,Noom Diawara,Guillaume Bats
741,135,136,Tania Dutel,Hakim Jemili
742,135,137,Tania Dutel,Jason Brokerss
743,135,138,Tania Dutel,Bérengère Krief
744,135,139,Tania Dutel,Thomas Vandenberghe
745,135,140,Tania Dutel,Monsieur Poulpe
746,135,141,Tania Dutel,Jhon Rachid
747,135,142,Tania Dutel,Audrey Pirault
748,135,143,Tania Dutel,Jeanfi Janssens
749,135,144,Tania Dutel,Fadily Camara
750,135,145,Tania Dutel,Laurie Peret
751,135,146,Tania Dutel,Issa Doumbia
752,135,147,Tania Dutel,Anne-Sophie Girard
753,135,148,Tania Dutel,Elhadj Gaye
754,135,149,Tania Dutel,Guillaume Bats
755,136,137,Hakim Jemili,Jason Brokerss
756,136,138,Hakim Jemili,Bérengère Krief
757,136,139,Hakim Jemili,Thomas Vandenberghe
758,136,140,Hakim Jemili,Monsieur Poulpe
759,136,141,Hakim Jemili,Jhon Rachid
760,136,142,Hakim Jemili,Audrey Pirault
761,136,143,Hakim Jemili,Jeanfi Janssens
762,136,144,Hakim Jemili,Fadily Camara
763,136,145,Hakim Jemili,Laurie Peret
764,136,146,Hakim Jemili,Issa Doumbia
765,136,147,Hakim Jemili,Anne-Sophie Girard
766,136,148,Hakim Jemili,Elhadj Gaye
767,136,149,Hakim Jemili,Guillaume Bats
768,137,138,Jason Brokerss,Bérengère Krief
769,137,139,Jason Brokerss,Thomas Vandenberghe
770,137,140,Jason Brokerss,Monsieur Poulpe
771,137,141,Jason Brokerss,Jhon Rachid
772,137,142,Jason Brokerss,Audrey Pirault
773,137,143,Jason Brokerss,Jeanfi Janssens
774,137,144,Jason Brokerss,Fadily Camara
775,137,145,Jason Brokerss,Laurie Peret
776,137,146,Jason Brokerss,Issa Doumbia
777,137,147,Jason Brokerss,Anne-Sophie Girard
778,137,148,Jason Brokerss,Elhadj Gaye
779,137,149,Jason Brokerss,Guillaume Bats
780,138,139,Bérengère Krief,Thomas Vandenberghe
781,138,140,Bérengère Krief,Monsieur Poulpe
782,138,141,Bérengère Krief,Jhon Rachid
783,138,142,Bérengère Krief,Audrey Pirault
784,138,143,Bérengère Krief,Jeanfi Janssens
785,138,144,Bérengère Krief,Fadily Camara
786,138,145,Bérengère Krief,Laurie Peret
787,138,146,Bérengère Krief,Issa Doumbia
788,138,147,Bérengère Krief,Anne-Sophie Girard
789,138,148,Bérengère Krief,Elhadj Gaye
790,138,149,Bérengère Krief,Guillaume Bats
791,139,140,Thomas Vandenberghe,Monsieur Poulpe
792,139,141,Thomas Vandenberghe,Jhon Rachid
793,139,142,Thomas Vandenberghe,Audrey Pirault
794,139,143,Thomas Vandenberghe,Jeanfi Janssens
795,139,144,Thomas Vandenberghe,Fadily Camara
796,139,145,Thomas Vandenberghe,Laurie Peret
797,139,146,Thomas Vandenberghe,Issa Doumbia
798,139,147,Thomas Vandenberghe,Anne-Sophie Girard
799,139,148,Thomas Vandenberghe,Elhadj Gaye
800,139,149,Thomas Vandenberghe,Guillaume Bats
801,140,141,Monsieur Poulpe,Jhon Rachid
802,140,142,Monsieur Poulpe,Audrey Pirault
803,140,143,Monsieur Poulpe,Jeanfi Janssens
804,140,144,Monsieur Poulpe,Fadily Camara
805,140,145,Monsieur Poulpe,Laurie Peret
806,140,146,Monsieur Poulpe,Issa Doumbia
807,140,147,Monsieur Poulpe,Anne-Sophie Girard
808,140,148,Monsieur Poulpe,Elhadj Gaye
809,140,149,Monsieur Poulpe,Guillaume Bats
810,141,142,Jhon Rachid,Audrey Pirault
811,141,143,Jhon Rachid,Jeanfi Janssens
812,141,144,Jhon Rachid,Fadily Camara
813,141,145,Jhon Rachid,Laurie Peret
814,141,146,Jhon Rachid,Issa Doumbia
815,141,147,Jhon Rachid,Anne-Sophie Girard
816,141,148,Jhon Rachid,Elhadj Gaye
817,141,149,Jhon Rachid,Guillaume Bats
818,142,143,Audrey Pirault,Jeanfi Janssens
819,142,144,Audrey Pirault,Fadily Camara
820,142,145,Audrey Pirault,Laurie Peret
821,142,146,Audrey Pirault,Issa Doumbia
822,142,147,Audrey Pirault,Anne-Sophie Girard
823,142,148,Audrey Pirault,Elhadj Gaye
824,142,149,Audrey Pirault,Guillaume Bats
825,143,144,Jeanfi Janssens,Fadily Camara
826,143,145,Jeanfi Janssens,Laurie Peret
827,143,146,Jeanfi Janssens,Issa Doumbia
828,143,147,Jeanfi Janssens,Anne-Sophie Girard
829,143,148,Jeanfi Janssens,Elhadj Gaye
830,143,149,Jeanfi Janssens,Guillaume Bats
831,144,145,Fadily Camara,Laurie Peret
832,144,146,Fadily Camara,Issa Doumbia
833,144,147,Fadily Camara,Anne-Sophie Girard
834,144,148,Fadily Camara,Elhadj Gaye
835,144,149,Fadily Camara,Guillaume Bats
836,145,146,Laurie Peret,Issa Doumbia
837,145,147,Laurie Peret,Anne-Sophie Girard
838,145,148,Laurie Peret,Elhadj Gaye
839,145,149,Laurie Peret,Guillaume Bats
840,146,147,Issa Doumbia,Anne-Sophie Girard
841,146,148,Issa Doumbia,Elhadj Gaye
842,146,149,Issa Doumbia,Guillaume Bats
843,147,148,Anne-Sophie Girard,Elhadj Gaye
844,147,149,Anne-Sophie Girard,Guillaume Bats
845,148,149,Elhadj Gaye,Guillaume Bats
846,150,151,Janhvi Kapoor,Sobhita Dhulipala
847,150,152,Janhvi Kapoor,Sukant Goel
848,150,153,Janhvi Kapoor,Gulshan Devaiah
849,150,154,Janhvi Kapoor,Mrunal Thakur
850,150,155,Janhvi Kapoor,Avinash Tiwary
851,150,156,Janhvi Kapoor,Vijay Varma
852,150,157,Janhvi Kapoor,Sagar Arya
853,150,158,Janhvi Kapoor,Surekha Sikri
854,150,159,Janhvi Kapoor,Pavail Gulati
855,151,152,Sobhita Dhulipala,Sukant Goel
856,151,153,Sobhita Dhulipala,Gulshan Devaiah
857,151,154,Sobhita Dhulipala,Mrunal Thakur
858,151,155,Sobhita Dhulipala,Avinash Tiwary
859,151,156,Sobhita Dhulipala,Vijay Varma
860,151,157,Sobhita Dhulipala,Sagar Arya
861,151,158,Sobhita Dhulipala,Surekha Sikri
862,151,159,Sobhita Dhulipala,Pavail Gulati
863,152,153,Sukant Goel,Gulshan Devaiah
864,152,154,Sukant Goel,Mrunal Thakur
865,152,155,Sukant Goel,Avinash Tiwary
866,152,156,Sukant Goel,Vijay Varma
867,152,157,Sukant Goel,Sagar Arya
868,152,158,Sukant Goel,Surekha Sikri
869,152,159,Sukant Goel,Pavail Gulati
870,153,154,Gulshan Devaiah,Mrunal Thakur
871,153,155,Gulshan Devaiah,Avinash Tiwary
872,153,156,Gulshan Devaiah,Vijay Varma
873,153,157,Gulshan Devaiah,Sagar Arya
874,153,158,Gulshan Devaiah,Surekha Sikri
875,153,159,Gulshan Devaiah,Pavail Gulati
876,154,155,Mrunal Thakur,Avinash Tiwary
877,154,156,Mrunal Thakur,Vijay Varma
878,154,157,Mrunal Thakur,Sagar Arya
879,154,158,Mrunal Thakur,Surekha Sikri
880,154,159,Mrunal Thakur,Pavail Gulati
881,155,156,Avinash Tiwary,Vijay Varma
882,155,157,Avinash Tiwary,Sagar Arya
883,155,158,Avinash Tiwary,Surekha Sikri
884,155,159,Avinash Tiwary,Pavail Gulati
885,156,157,Vijay Varma,Sagar Arya
886,156,158,Vijay Varma,Surekha Sikri
887,156,159,Vijay Varma,Pavail Gulati
888,157,158,Sagar Arya,Surekha Sikri
889,157,159,Sagar Arya,Pavail Gulati
890,158,159,Surekha Sikri,Pavail Gulati
891,160,161,Michelle Monaghan,Mehdi Dehbi
892,160,162,Michelle Monaghan,John Ortiz
893,160,163,Michelle Monaghan,Tomer Sisley
894,160,164,Michelle Monaghan,Melinda Page Hamilton
895,160,165,Michelle Monaghan,Stefania LaVie Owen
896,160,166,Michelle Monaghan,Sayyid El Alami
897,160,167,Michelle Monaghan,Jane Adams
898,160,168,Michelle Monaghan,Wil Traval
899,160,169,Michelle Monaghan,Fares Landoulsi
900,161,162,Mehdi Dehbi,John Ortiz
901,161,163,Mehdi Dehbi,Tomer Sisley
902,161,164,Mehdi Dehbi,Melinda Page Hamilton
903,161,165,Mehdi Dehbi,Stefania LaVie Owen
904,161,166,Mehdi Dehbi,Sayyid El Alami
905,161,167,Mehdi Dehbi,Jane Adams
906,161,168,Mehdi Dehbi,Wil Traval
907,161,169,Mehdi Dehbi,Fares Landoulsi
908,162,163,John Ortiz,Tomer Sisley
909,162,164,John Ortiz,Melinda Page Hamilton
910,162,165,John Ortiz,Stefania LaVie Owen
911,162,166,John Ortiz,Sayyid El Alami
912,162,167,John Ortiz,Jane Adams
913,162,168,John Ortiz,Wil Traval
914,162,169,John Ortiz,Fares Landoulsi
915,163,164,Tomer Sisley,Melinda Page Hamilton
916,163,165,Tomer Sisley,Stefania LaVie Owen
917,163,166,Tomer Sisley,Sayyid El Alami
918,163,167,Tomer Sisley,Jane Adams
919,163,168,Tomer Sisley,Wil Traval
920,163,169,Tomer Sisley,Fares Landoulsi
921,164,165,Melinda Page Hamilton,Stefania LaVie Owen
922,164,166,Melinda Page Hamilton,Sayyid El Alami
923,164,167,Melinda Page Hamilton,Jane Adams
924,164,168,Melinda Page Hamilton,Wil Traval
925,164,169,Melinda Page Hamilton,Fares Landoulsi
926,165,166,Stefania LaVie Owen,Sayyid El Alami
927,165,167,Stefania LaVie Owen,Jane Adams
928,165,168,Stefania LaVie Owen,Wil Traval
929,165,169,Stefania LaVie Owen,Fares Landoulsi
930,166,167,Sayyid El Alami,Jane Adams
931,166,168,Sayyid El Alami,Wil Traval
932,166,169,Sayyid El Alami,Fares Landoulsi
933,167,168,Jane Adams,Wil Traval
934,167,169,Jane Adams,Fares Landoulsi
935,168,169,Wil Traval,Fares Landoulsi
936,170,171,Kaya Scodelario,January Jones
937,170,172,Kaya Scodelario,Will Kemp
938,170,173,Kaya Scodelario,Willow Shields
939,170,174,Kaya Scodelario,Evan Roderick
940,170,175,Kaya Scodelario,David James Elliott
941,170,176,Kaya Scodelario,Sarah Wright Olsen
942,170,177,Kaya Scodelario,Svetlana Efremova
943,170,178,Kaya Scodelario,Amanda Zhou
944,170,179,Kaya Scodelario,Mitchell Edwards
945,170,180,Kaya Scodelario,Kaitlyn Leeb
946,170,181,Kaya Scodelario,Johnny Weir
947,171,172,January Jones,Will Kemp
948,171,173,January Jones,Willow Shields
949,171,174,January Jones,Evan Roderick
950,171,175,January Jones,David James Elliott
951,171,176,January Jones,Sarah Wright Olsen
952,171,177,January Jones,Svetlana Efremova
953,171,178,January Jones,Amanda Zhou
954,171,179,January Jones,Mitchell Edwards
955,171,180,January Jones,Kaitlyn Leeb
956,171,181,January Jones,Johnny Weir
957,172,173,Will Kemp,Willow Shields
958,172,174,Will Kemp,Evan Roderick
959,172,175,Will Kemp,David James Elliott
960,172,176,Will Kemp,Sarah Wright Olsen
961,172,177,Will Kemp,Svetlana Efremova
962,172,178,Will Kemp,Amanda Zhou
963,172,179,Will Kemp,Mitchell Edwards
964,172,180,Will Kemp,Kaitlyn Leeb
965,172,181,Will Kemp,Johnny Weir
966,173,174,Willow Shields,Evan Roderick
967,173,175,Willow Shields,David James Elliott
968,173,176,Willow Shields,Sarah Wright Olsen
969,173,177,Willow Shields,Svetlana Efremova
970,173,178,Willow Shields,Amanda Zhou
971,173,179,Willow Shields,Mitchell Edwards
972,173,180,Willow Shields,Kaitlyn Leeb
973,173,181,Willow Shields,Johnny Weir
974,174,175,Evan Roderick,David James Elliott
975,174,176,Evan Roderick,Sarah Wright Olsen
976,174,177,Evan Roderick,Svetlana Efremova
977,174,178,Evan Roderick,Amanda Zhou
978,174,179,Evan Roderick,Mitchell Edwards
979,174,180,Evan Roderick,Kaitlyn Leeb
980,174,181,Evan Roderick,Johnny Weir
981,175,176,David James Elliott,Sarah Wright Olsen
982,175,177,David James Elliott,Svetlana Efremova
983,175,178,David James Elliott,Amanda Zhou
984,175,179,David James Elliott,Mitchell Edwards
985,175,180,David James Elliott,Kaitlyn Leeb
986,175,181,David James Elliott,Johnny Weir
987,176,177,Sarah Wright Olsen,Svetlana Efremova
988,176,178,Sarah Wright Olsen,Amanda Zhou
989,176,179,Sarah Wright Olsen,Mitchell Edwards
990,176,180,Sarah Wright Olsen,Kaitlyn Leeb
991,176,181,Sarah Wright Olsen,Johnny Weir
992,177,178,Svetlana Efremova,Amanda Zhou
993,177,179,Svetlana Efremova,Mitchell Edwards
994,177,180,Svetlana Efremova,Kaitlyn Leeb
995,177,181,Svetlana Efremova,Johnny Weir
996,178,179,Amanda Zhou,Mitchell Edwards
997,178,180,Amanda Zhou,Kaitlyn Leeb
998,178,181,Amanda Zhou,Johnny Weir
999,179,180,Mitchell Edwards,Kaitlyn Leeb
1000,179,181,Mitchell Edwards,Johnny Weir
1001,180,181,Kaitlyn Leeb,Johnny Weir
